"Name","Surname","Birthday","Location","Sexual Orientation","Interests"
"Alice","Smith","01/01/2000","New York","Straight","Reading"
"Bob","Johnson","05/07/1998","Los Angeles","Gay","Tennis, Photography"
"Eve","Williams","08/24/1995","Chicago","Bisexual","Music, Hiking, Art"
"Mark","Davis","12/03/1997","Houston","Straight","Cooking, Basketball, Fitness"
"Sarah","Thompson","09/06/1999","Philadelphia","Lesbian","Dancing, Yoga, Travel"
"Mike","Brown","03/11/1996","Phoenix","Gay","Soccer, Gaming, Movies"
"Emma","Davis","06/19/1998","San Antonio","Bisexual","Painting, Singing, Theater"
"Chris","Williams","07/28/2000","San Diego","Straight","Rock climbing, Hiking, Nature"
"Anna","Anderson","02/12/1995","Dallas","Lesbian","Swimming, Cooking, Gardening"
"Adam","Thompson","04/01/1999","Las Vegas","Gay","Fishing, Golf, Literature"
"Jane","Doe","01/01/2001","Boston","Straight","Running"
"John","Smith","05/07/1997","San Francisco","Gay","Tennis, Painting"
"Alice","Williams","08/24/1996","New York","Bisexual","Music, Hiking, Yoga"
"Jack","Davis","12/03/1998","Miami","Straight","Cooking, Basketball, Swimming"
"Sophie","Thompson","09/06/2000","Seattle","Lesbian","Dancing, Yoga, Travel"
"Jared","Brown","03/11/1995","Dallas","Gay","Soccer, Gaming, Movies"
"Emily","Davis","06/19/1999","Chicago","Bisexual","Painting, Singing, Theater"
"Chris","Williams","07/28/1999","Los Angeles","Straight","Rock climbing, Hiking, Nature"
"Anna","Anderson","02/12/1996","Philadelphia","Lesbian","Swimming, Cooking, Gardening"
"Adam","Thompson","04/01/1998","Atlanta","Gay","Fishing, Golf, Literature"
"Laura","Johnson","01/01/1999","Toronto","Straight","Reading"
"Bob","Williams","05/07/1996","Vancouver","Gay","Tennis, Photography"
"Eve","Smith","08/24/1997","Montreal","Bisexual","Music, Hiking, Art"
"Mark","Brown","12/03/1995","Calgary","Straight","Cooking, Basketball, Fitness"
"Sarah","Davis","09/06/1998","Ottawa","Lesbian","Dancing, Yoga, Travel"
"Mike","Thompson","03/11/1994","Edmonton","Gay","Soccer, Gaming, Movies"
"Emma","Williams","06/19/1996","Winnipeg","Bisexual","Painting, Singing, Theater"
"Chris","Smith","07/28/1998","Hamilton","Straight","Rock climbing, Hiking, Nature"
"Adam","Brown","04/01/1996","Halifax","Gay","Fishing, Golf, Literature"
"Eve","Smith","08/24/1997","Montreal","Bisexual","Music, Hiking, Art"
"Mark","Brown","12/03/1995","Calgary","Straight","Cooking, Basketball, Fitness"
"Sarah","Davis","09/06/1998","Ottawa","Lesbian","Dancing, Yoga, Travel"
"Mike","Thompson","03/11/1994","Edmonton","Gay","Soccer, Gaming, Movies"
"Emma","Williams","06/19/1996","Winnipeg","Bisexual","Painting, Singing, Theater"
"Chris","Smith","07/28/1998","Hamilton","Straight","Rock climbing, Hiking, Nature"
"Anna","Johnson","02/12/1997","Victoria","Lesbian","Swimming, Cooking, Gardening"
"Adam","Brown","04/01/1996","Halifax","Gay","Fishing, Golf, Literature"
"Laura","Doe","01/01/2000","Toronto","Straight","Reading"
"Bob","Smith","05/07/1997","Vancouver","Gay","Tennis, Photography"
"Eve","Williams","08/24/1996","Montreal","Bisexual","Music, Hiking, Art"
"Mark","Davis","12/03/1998","Calgary","Straight","Cooking, Basketball, Fitness"
"Mario","Rossi","01/01/1999","Roma","Straight","Reading"
"Bob","Bianchi","05/07/1996","Milano","Gay","Tennis, Photography"
"Eve","Verdi","08/24/1997","Firenze","Bisexual","Music, Hiking, Art"
"Mark","Esposito","12/03/1995","Napoli","Straight","Cooking, Basketball, Fitness"
"Sarah","Ferrari","09/06/1998","Torino","Lesbian","Dancing, Yoga, Travel"
"Mike","Colombo","03/11/1994","Palermo","Gay","Soccer, Gaming, Movies"
"Emma","Rizzo","06/19/1996","Genova","Bisexual","Painting, Singing, Theater"
"Chris","Moretti","07/28/1998","Bologna","Straight","Rock climbing, Hiking, Nature"
"Anna","De Luca","02/12/1997","Verona","Lesbian","Swimming, Cooking, Gardening"
"Adam","Mancini","04/01/1996","Bari","Gay","Fishing, Golf, Literature"
"Laura","Ricci","01/01/2000","Roma","Straight","Reading"
"Bob","Fiori","05/07/1997","Milano","Gay","Tennis, Photography"
"Eve","Conti","08/24/1998","Firenze","Bisexual","Music, Hiking, Art"
"Mark","De Angelis","12/03/1996","Napoli","Straight","Cooking, Basketball, Fitness"
"Marie","Dupont","01/01/1999","Paris","Straight","Reading"
"Bob","Durand","05/07/1996","Lyon","Gay","Tennis, Photography"
"Eve","Bourgeois","08/24/1997","Marseille","Bisexual","Music, Hiking, Art"
"Mark","Dubois","12/03/1995","Lille","Straight","Cooking, Basketball, Fitness"
"Sarah","Martin","09/06/1998","Bordeaux","Lesbian","Dancing, Yoga, Travel"
"Mike","Robert","03/11/1994","Toulouse","Gay","Soccer, Gaming, Movies"
"Emma","Laurent","06/19/1996","Nice","Bisexual","Painting, Singing, Theater"
"Chris","Leroux","07/28/1998","Nantes","Straight","Rock climbing, Hiking, Nature"
"Anna","Garcia","02/12/1997","Strasbourg","Lesbian","Swimming, Cooking, Gardening"
"Adam","David","04/01/1996","Montpellier","Gay","Fishing, Golf, Literature"
"Laura","Lopez","01/01/2000","Paris","Straight","Reading"
"Bob","Moreau","05/07/1997","Lyon","Gay","Tennis, Photography"
"Eve","Perez","08/24/1998","Marseille","Bisexual","Music, Hiking, Art"
"Mark","Rouge","12/03/1996","Lille","Straight","Cooking, Basketball, Fitness"
"Sophia","Lee","01/01/1998","New York","Straight","Reading"
"David","Wang","05/07/1997","Los Angeles","Gay","Tennis, Photography"
"Emily","Kim","08/24/1996","Chicago","Bisexual","Music, Hiking, Art"
"Michael","Zhang","12/03/1999","Houston","Straight","Cooking, Basketball, Fitness"
"Olivia","Chen","09/06/1995","Philadelphia","Lesbian","Dancing, Yoga, Travel"
"Jason","Liu","03/11/1998","Phoenix","Gay","Soccer, Gaming, Movies"
"Isabella","Zhao","06/19/1997","San Antonio","Bisexual","Painting, Singing, Theater"
"James","Zhou","07/28/1995","San Diego","Straight","Rock climbing, Hiking, Nature"
"Ava","Wu","02/12/1999","Dallas","Lesbian","Swimming, Cooking, Gardening"
"Lucas","Sun","04/01/1997","San Jose","Gay","Fishing, Golf, Literature"
"Abigail","Yang","01/01/2000","Austin","Straight","Reading"
"Henry","Lin","05/07/1996","Jacksonville","Gay","Tennis, Photography"
"Mia","Zhou","08/24/1997","San Francisco","Bisexual","Music, Hiking, Art"
"Ethan","Deng","12/03/1996","Indianapolis","Straight","Cooking, Basketball, Fitness"
"Avery","Zheng","09/06/1998","Fort Worth","Lesbian","Dancing, Yoga, Travel"
"Logan","Cao","03/11/1995","Charlotte","Gay","Soccer, Gaming, Movies"
"Sofia","Feng","06/19/1999","Seattle","Bisexual","Painting, Singing, Theater"
"Oliver","Huang","07/28/1996","Denver","Straight","Rock climbing, Hiking, Nature"
"Emily","Gao","02/12/1997","El Paso","Lesbian","Swimming, Cooking, Gardening"
"David","Liang","04/01/1996","Washington","Gay","Fishing, Golf, Literature"
"Abigail","Chang","01/01/1998","Nashville","Straight","Reading"
"Michael","Zhou","05/07/1997","Las Vegas","Gay","Tennis, Photography"
"Mia","Xu","08/24/1996","Boston","Bisexual","Music, Hiking, Art"
"James","Wu","12/03/1999","Memphis","Straight","Cooking"
"Emily","Jones","01/01/1998","New York","Straight","Reading"
"David","Johnson","05/07/1997","Los Angeles","Gay","Tennis, Photography"
"Sophia","Williams","08/24/1996","Chicago","Bisexual","Music, Hiking, Art"
"Michael","Brown","12/03/1999","Houston","Straight","Cooking, Basketball, Fitness"
"Olivia","Davis","09/06/1995","Philadelphia","Lesbian","Dancing, Yoga, Travel"
"Jason","Miller","03/11/1998","Phoenix","Gay","Soccer, Gaming, Movies"
"Isabella","Wilson","06/19/1997","San Antonio","Bisexual","Painting, Singing, Theater"
"James","Moore","07/28/1995","San Diego","Straight","Rock climbing, Hiking, Nature"
"Ava","Taylor","02/12/1999","Dallas","Lesbian","Swimming, Cooking, Gardening"
"Lucas","Anderson","04/01/1997","San Jose","Gay","Fishing, Golf, Literature"
"Abigail","Thomas","01/01/2000","Austin","Straight","Reading"
"Henry","Jackson","05/07/1996","Jacksonville","Gay","Tennis, Photography"
"Mia","White","08/24/1997","San Francisco","Bisexual","Music, Hiking, Art"
"Ethan","Harris","12/03/1996","Indianapolis","Straight","Cooking, Basketball, Fitness"
"Avery","Martin","09/06/1998","Fort Worth","Lesbian","Dancing, Yoga, Travel"
"Logan","Thompson","03/11/1995","Charlotte","Gay","Soccer, Gaming, Movies"
"Sofia","Garcia","06/19/1999","Seattle","Bisexual","Painting, Singing, Theater"
"Oliver","Martinez","07/28/1996","Denver","Straight","Rock climbing, Hiking, Nature"
"Emily","Robinson","02/12/1997","El Paso","Lesbian","Swimming, Cooking, Gardening"
"David","Clark","04/01/1996","Washington","Gay","Fishing, Golf, Literature"
"Abigail","Rodriguez","01/01/1998","Nashville","Straight","Reading"
"Michael","Lopez","05/07/1997","Las Vegas","Gay","Tennis, Photography"
"Mia","Gonzalez","08/24/1996","Boston","Bisexual","Music, Hiking, Art"
"James","Perez","12/03/1999","Memphis","Straight","Cooking, Basketball, Fitness"
"Olivia","Smith","01/01/1998","New York","Straight","Reading"
"Jason","Williams","05/07/1997","Los Angeles","Gay","Tennis, Photography"
"Isabella","Jones","08/24/1996","Chicago","Bisexual","Music, Hiking, Art"
"James","Brown","12/03/1999","Houston","Straight","Cooking, Basketball, Fitness"
"Ava","Davis","09/06/1995","Philadelphia","Lesbian","Dancing, Yoga, Travel"
"Lucas","Miller","03/11/1998","Phoenix","Gay","Soccer, Gaming, Movies"
"Abigail","Wilson","06/19/1997","San Antonio","Bisexual","Painting, Singing, Theater"
"Henry","Moore","07/28/1995","San Diego","Straight","Rock climbing, Hiking, Nature"
"Mia","Taylor","02/12/1999","Dallas","Lesbian","Swimming, Cooking, Gardening"
"Ethan","Anderson","04/01/1997","San Jose","Gay","Fishing, Golf, Literature"
"Avery","Thomas","01/01/2000","Austin","Straight","Reading"
"Logan","Jackson","05/07/1996","Jacksonville","Gay","Tennis, Photography"
"Lucas","Rodriguez","01/01/1998","New York","Straight","Reading"
"Abigail","Gonzalez","05/07/1997","Los Angeles","Gay","Tennis, Photography"
"Henry","Perez","08/24/1996","Chicago","Bisexual","Music, Hiking, Art"
"Mia","Lopez","12/03/1999","Houston","Straight","Cooking, Basketball, Fitness"
"Ethan","Garcia","09/06/1995","Philadelphia","Lesbian","Dancing, Yoga, Travel"
"Avery","Martinez","03/11/1998","Phoenix","Gay","Soccer, Gaming, Movies"
"Logan","Clark","06/19/1997","San Antonio","Bisexual","Painting, Singing, Theater"
"Sofia","Robinson","07/28/1995","San Diego","Straight","Rock climbing, Hiking, Nature"
"Oliver","Lewis","02/12/1999","Dallas","Lesbian","Swimming, Cooking, Gardening"
"Emily","Walker","04/01/1997","San Jose","Gay","Fishing, Golf, Literature"
"David","Young","01/01/2000","Austin","Straight","Reading"
"Michael","King","05/07/1996","Jacksonville","Gay","Tennis, Photography"
"Sophia","Green","08/24/1997","San Francisco","Bisexual","Music, Hiking, Art"
"Olivia","Baker","12/03/1996","Indianapolis","Straight","Cooking, Basketball, Fitness"
"Jason","Adams","09/06/1998","Fort Worth","Lesbian","Dancing, Yoga, Travel"
"Isabella","Nelson","03/11/1995","Charlotte","Gay","Soccer"
"Lucas","Rodriguez","01/01/1998","New York","Straight","Reading"
"Abigail","Gonzalez","05/07/1997","Los Angeles","Gay","Tennis, Photography"
"Henry","Perez","08/24/1996","Chicago","Bisexual","Music, Hiking, Art"
"Mia","Lopez","12/03/1999","Houston","Straight","Cooking, Basketball, Fitness"
"Ethan","Garcia","09/06/1995","Philadelphia","Lesbian","Dancing, Yoga, Travel"
"Avery","Martinez","03/11/1998","Phoenix","Gay","Soccer, Gaming, Movies"
"Logan","Clark","06/19/1997","San Antonio","Bisexual","Painting, Singing, Theater"
"Sofia","Robinson","07/28/1995","San Diego","Straight","Rock climbing, Hiking, Nature"
"Oliver","Lewis","02/12/1999","Dallas","Lesbian","Swimming, Cooking, Gardening"
"David","Young","01/01/2000","Austin","Straight","Reading"
"Michael","King","05/07/1996","Jacksonville","Gay","Tennis, Photography"
"Sophia","Green","08/24/1997","San Francisco","Bisexual","Music, Hiking, Art"
"Olivia","Baker","12/03/1996","Indianapolis","Straight","Cooking, Basketball, Fitness"
"Jason","Adams","09/06/1998","Fort Worth","Lesbian","Dancing, Yoga, Travel"
"Avery","Johnson","01/01/1998","New York","Straight","Reading"
"Logan","Williams","05/07/1997","Los Angeles","Gay","Tennis, Photography"
"Sofia","Jones","08/24/1996","Chicago","Bisexual","Music, Hiking, Art"
"Oliver","Brown","12/03/1999","Houston","Straight","Cooking, Basketball, Fitness"
"Emily","Davis","09/06/1995","Philadelphia","Lesbian","Dancing, Yoga, Travel"
"David","Miller","03/11/1998","Phoenix","Gay","Soccer, Gaming, Movies"
"Michael","Wilson","06/19/1997","San Antonio","Bisexual","Painting, Singing, Theater"
"Sophia","Moore","07/28/1995","San Diego","Straight","Rock climbing, Hiking, Nature"
"Olivia","Taylor","02/12/1999","Dallas","Lesbian","Swimming, Cooking, Gardening"
"Jason","Anderson","04/01/1997","San Jose","Gay","Fishing, Golf, Literature"
"Isabella","Thomas","01/01/2000","Austin","Straight","Reading"
"James","Jackson","05/07/1996","Jacksonville","Gay","Tennis, Photography"
"Ava","White","08/24/1997","San Francisco","Bisexual","Music, Hiking, Art"
"Lucas","Harris","12/03/1996","Indianapolis","Straight","Cooking, Basketball, Fitness"
"Abigail","Martin","09/06/1998","Fort Worth","Lesbian","Dancing, Yoga, Travel"
"Henry","Thompson","03/11/1995","Charlotte","Gay","Soccer, Gaming, Movies"
"Name","Surname","Birthday","Location","Sexual Orientation","Interests"
"Emily","Smith","01/01/1998","New York","Straight","Reading"
"David","Williams","05/07/1997","Los Angeles","Gay","Tennis, Photography"
"Michael","Jones","08/24/1996","Chicago","Bisexual","Music, Hiking, Art"
"Sophia","Brown","12/03/1999","Houston","Straight","Cooking, Basketball, Fitness"
"Olivia","Davis","09/06/1995","Philadelphia","Lesbian","Dancing, Yoga, Travel"
"Jason","Miller","03/11/1998","Phoenix","Gay","Soccer, Gaming, Movies"
"Isabella","Wilson","06/19/1997","San Antonio","Bisexual","Painting, Singing, Theater"
"James","Moore","07/28/1995","San Diego","Straight","Rock climbing, Hiking, Nature"
"Ava","Taylor","02/12/1999","Dallas","Lesbian","Swimming, Cooking, Gardening"
"Lucas","Anderson","04/01/1997","San Jose","Gay","Fishing, Golf, Literature"
"Abigail","Thomas","01/01/2000","Austin","Straight","Reading"
"Henry","Jackson","05/07/1996","Jacksonville","Gay","Tennis, Photography"
"Mia","White","08/24/1997","San Francisco","Bisexual","Music, Hiking, Art"
"Ethan","Harris","12/03/1996","Indianapolis","Straight","Cooking, Basketball, Fitness"
"Avery","Martin","09/06/1998","Fort Worth","Lesbian","Dancing, Yoga, Travel"
"Logan","Thompson","03/11/1995","Charlotte","Gay","Soccer, Gaming, Movies"
"Name","Surname","Birthday","Location","Sexual Orientation","Interests"
"Henry","Smith","01/01/1998","New York","Straight","Reading"
"Mia","Williams","05/07/1997","Los Angeles","Gay","Tennis, Photography"
"Ethan","Jones","08/24/1996","Chicago","Bisexual","Music, Hiking, Art"
"Avery","Brown","12/03/1999","Houston","Straight","Cooking, Basketball, Fitness"
"Logan","Davis","09/06/1995","Philadelphia","Lesbian","Dancing, Yoga, Travel"
"Sofia","Miller","03/11/1998","Phoenix","Gay","Soccer, Gaming, Movies"
"Oliver","Wilson","06/19/1997","San Antonio","Bisexual","Painting, Singing, Theater"
"Emily","Moore","07/28/1995","San Diego","Straight","Rock climbing, Hiking, Nature"
"David","Taylor","02/12/1999","Dallas","Lesbian","Swimming, Cooking, Gardening"
"Michael","Anderson","04/01/1997","San Jose","Gay","Fishing, Golf, Literature"
"Sophia","Thomas","01/01/2000","Austin","Straight","Reading"
"Olivia","Jackson","05/07/1996","Jacksonville","Gay","Tennis, Photography"
"Jason","White","08/24/1997","San Francisco","Bisexual","Music, Hiking, Art"
"Isabella","Harris","12/03/1996","Indianapolis","Straight","Cooking, Basketball, Fitness"
"James","Martin","09/06/1998","Fort Worth","Lesbian","Dancing, Yoga, Travel"
"Isabella","Smith","01/01/1998","New York","Straight","Reading"
"James","Williams","05/07/1997","Los Angeles","Gay","Tennis, Photography"
"Ava","Jones","08/24/1996","Chicago","Bisexual","Music, Hiking, Art"
"Lucas","Brown","12/03/1999","Houston","Straight","Cooking, Basketball, Fitness"
"Abigail","Davis","09/06/1995","Philadelphia","Lesbian","Dancing, Yoga, Travel"
"Henry","Miller","03/11/1998","Phoenix","Gay","Soccer, Gaming, Movies"
"Mia","Wilson","06/19/1997","San Antonio","Bisexual","Painting, Singing, Theater"
"Ethan","Moore","07/28/1995","San Diego","Straight","Rock climbing, Hiking, Nature"
"Avery","Taylor","02/12/1999","Dallas","Lesbian","Swimming, Cooking, Gardening"
"Logan","Anderson","04/01/1997","San Jose","Gay","Fishing, Golf, Literature"
"Sofia","Thomas","01/01/2000","Austin","Straight","Reading"
"Oliver","Jackson","05/07/1996","Jacksonville","Gay","Tennis, Photography"
"Emily","White","08/24/1997","San Francisco","Bisexual","Music, Hiking, Art"
"David","Harris","12/03/1996","Indianapolis","Straight","Cooking, Basketball, Fitness"
"Michael","Martin","09/06/1998","Fort Worth","Lesbian","Dancing, Yoga, Travel"
"Sophia","Thompson","03/11/1995","Charlotte","Gay","Soccer, Gaming, Movies"
"Oliver","Smith","01/01/1998","New York","Straight","Reading"
"Emily","Williams","05/07/1997","Los Angeles","Gay","Tennis, Photography"
"David","Jones","08/24/1996","Chicago","Bisexual","Music, Hiking, Art"
"Michael","Brown","12/03/1999","Houston","Straight","Cooking, Basketball, Fitness"
"Sophia","Davis","09/06/1995","Philadelphia","Lesbian","Dancing, Yoga, Travel"
"Olivia","Miller","03/11/1998","Phoenix","Gay","Soccer, Gaming, Movies"
"Jason","Wilson","06/19/1997","San Antonio","Bisexual","Painting, Singing, Theater"
"Isabella","Moore","07/28/1995","San Diego","Straight","Rock climbing, Hiking, Nature"
"James","Taylor","02/12/1999","Dallas","Lesbian","Swimming, Cooking, Gardening"
"Ava","Anderson","04/01/1997","San Jose","Gay","Fishing, Golf, Literature"
"Lucas","Thomas","01/01/2000","Austin","Straight","Reading"
"Abigail","Jackson","05/07/1996","Jacksonville","Gay","Tennis, Photography"
"Henry","White","08/24/1997","San Francisco","Bisexual","Music, Hiking, Art"
"Mia","Harris","12/03/1996","Indianapolis","Straight","Cooking, Basketball, Fitness"
"Ethan","Martin","09/06/1998","Fort Worth","Lesbian","Dancing, Yoga, Travel"
"Avery","Thompson","03/11/1995","Charlotte","Gay","Soccer, Gaming, Movies"
"Logan","Garcia","06/19/1999","Seattle","Bisexual","Painting"
"Ava","Smith","01/01/1998","New York","Straight","Cooking, Hiking, Yoga"
"Lucas","Williams","05/07/1997","Los Angeles","Gay","Fishing, Photography, Travel"
"Abigail","Jones","08/24/1996","Chicago","Bisexual","Music, Basketball, Art"
"Henry","Brown","12/03/1999","Houston","Straight","Swimming, Rock climbing, Fitness"
"Mia","Davis","09/06/1995","Philadelphia","Lesbian","Reading, Painting, Theater"
"Ethan","Miller","03/11/1998","Phoenix","Gay","Soccer, Golf, Literature"
"Avery","Wilson","06/19/1997","San Antonio","Bisexual","Tennis, Dancing, Nature"
"Logan","Moore","07/28/1995","San Diego","Straight","Gaming, Singing, Gardening"
"Sofia","Taylor","02/12/1999","Dallas","Lesbian","Movies, Yoga, Travel"
"Oliver","Anderson","04/01/1997","San Jose","Gay","Fishing, Photography, Art"
"Emily","Thomas","01/01/2000","Austin","Straight","Cooking, Hiking, Yoga"
"David","Jackson","05/07/1996","Jacksonville","Gay","Fishing, Photography, Travel"
"Michael","White","08/24/1997","San Francisco","Bisexual","Music, Basketball, Art"
"Sophia","Harris","12/03/1996","Indianapolis","Straight","Swimming, Rock climbing, Fitness"
"Olivia","Martin","09/06/1998","Fort Worth","Lesbian","Reading, Painting, Theater"
"Jason","Thompson","03/11/1995","Charlotte","Gay","Soccer, Golf, Literature"
"Sophia","Jones","03/05/1999","Paris","Bisexual","Cooking, Photography, Hiking"
"Oliver","Williams","08/15/1996","Madrid","Gay","Music, Rock climbing, Tennis"
"Emily","Brown","12/20/1998","Rome","Lesbian","Dancing, Swimming, Yoga"
"David","Moore","09/01/1997","Berlin","Straight","Reading, Painting, Theater"
"Michael","Taylor","02/10/1995","Amsterdam","Gay","Soccer, Golf, Literature"
"Sophia","Thomas","07/05/1999","New York","Bisexual","Cooking, Photography, Hiking"
"Olivia","Jackson","01/15/1996","Los Angeles","Lesbian","Music, Rock climbing, Tennis"
"Jason","Harris","05/20/1998","Chicago","Straight","Dancing, Swimming, Yoga"
"Isabella","Martin","06/01/1997","Houston","Bisexual","Reading, Painting, Theater"
"James","Thompson","09/10/1995","Philadelphia","Gay","Soccer, Golf, Literature"
"Ava","Garcia","12/05/1999","Phoenix","Lesbian","Cooking, Photography, Hiking"
"Lucas","Smith","03/15/1996","San Antonio","Straight","Music, Rock climbing, Tennis"
"Abigail","Wilson","08/01/1998","San Diego","Bisexual","Dancing, Swimming, Yoga"
"Henry","Anderson","05/20/1997","Dallas","Gay","Reading, Painting, Theater"
"Mia","Thomas","02/10/1995","San Jose","Lesbian","Soccer, Golf, Literature"
"Ethan","Jackson","07/05/1999","Austin","Straight","Cooking, Photography, Hiking"
"Avery","Harris","01/15/1996","Indianapolis","Bisexual","Music, Rock climbing, Tennis"
"Logan","Martin","05/20/1998","Fort Worth","Gay","Dancing, Swimming, Yoga"
"Sofia","Thompson","06/01/1997","Charlotte","Lesbian","Reading, Painting, Theater"
"Oliver","Garcia","09/10/1995","Seattle","Bisexual","Soccer, Golf, Literature"
"Giovanni","Bianchi","03/05/1999","Paris","Bisexual","Cooking, Photography, Hiking"
"Maria","Rizzo","08/15/1996","Madrid","Gay","Music, Rock climbing, Tennis"
"Mario","Verdi","12/20/1998","Rome","Lesbian","Dancing, Swimming, Yoga"
"Roberto","Esposito","09/01/1997","Berlin","Straight","Reading, Painting, Theater"
"Chiara","Ferrari","02/10/1995","Amsterdam","Gay","Soccer, Golf, Literature"
"Giorgio","Galli","07/05/1999","New York","Bisexual","Cooking, Photography, Hiking"
"Rosa","Moretti","01/15/1996","Los Angeles","Lesbian","Music, Rock climbing, Tennis"
"Luca","De Luca","05/20/1998","Chicago","Straight","Dancing, Swimming, Yoga"
"Anna","Mancini","06/01/1997","Houston","Bisexual","Reading, Painting, Theater"
"Gianluca","Costa","09/10/1995","Philadelphia","Gay","Soccer, Golf, Literature"
"Elisa","Giordano","12/05/1999","Phoenix","Lesbian","Cooking, Photography, Hiking"
"Sara","Rizzi","03/15/1996","San Antonio","Straight","Music, Rock climbing, Tennis"
"Paolo","Lombardi","08/01/1998","San Diego","Bisexual","Dancing, Swimming, Yoga"
"Carlo","Morelli","05/20/1997","Dallas","Gay","Reading, Painting, Theater"
"Alessia","Parisi","02/10/1995","San Jose","Lesbian","Soccer, Golf, Literature"
"Veronica","Riva","07/05/1999","Austin","Straight","Cooking, Photography, Hiking"
"Gianvaleria","Polambi","09/25/2001","Buccino","Bisexual","Soccer, Music"
"Mario","Bianchi","03/05/1999","Paris","Bisexual","Cooking, Photography"
"Chiara","Ferrari","08/15/1996","Madrid","Gay","Music, Rock climbing"
"Roberto","Esposito","12/20/1998","Rome","Lesbian","Dancing, Swimming"
"Giovanni","Rizzo","09/01/1997","Berlin","Straight","Reading, Painting"
"Maria","Verdi","02/10/1995","Amsterdam","Gay","Soccer, Golf"
"Elisa","Galli","07/05/1999","New York","Bisexual","Cooking, Photography"
"Sara","Moretti","01/15/1996","Los Angeles","Lesbian","Music, Rock climbing"
"Luca","De Luca","05/20/1998","Chicago","Straight","Dancing, Swimming"
"Anna","Mancini","06/01/1997","Houston","Bisexual","Reading, Painting"
"Paolo","Costa","09/10/1995","Philadelphia","Gay","Soccer, Golf"
"Giorgio","Giordano","12/05/1999","Phoenix","Lesbian","Cooking, Photography"
"Rosa","Rizzi","03/15/1996","San Antonio","Straight","Music, Rock climbing"
"Chiara","Lombardi","08/01/1998","San Diego","Bisexual","Dancing, Swimming"
"Alessia","Morelli","05/20/1997","Dallas","Gay","Reading, Painting"
"Lorenzo","Mancini","03/05/1999","Paris","Bisexual","Cooking, Photography, Hiking, Tennis"
"Sofia","Rizzo","08/15/1996","Madrid","Gay","Music, Rock climbing, Yoga, Literature"
"Alessio","Verdi","12/20/1998","Rome","Lesbian","Dancing, Swimming, Theater, Golf"
"Emanuela","Esposito","09/01/1997","Berlin","Straight","Reading, Painting, Soccer, Hiking"
"Giorgio","Ferrari","02/10/1995","Amsterdam","Gay","Cooking, Photography, Tennis, Yoga"
"Dario","Galli","07/05/1999","New York","Bisexual","Music, Rock climbing, Theater, Literature"
"Francesca","Moretti","01/15/1996","Los Angeles","Lesbian","Dancing, Swimming, Golf, Hiking"
"Laura","De Luca","05/20/1998","Chicago","Straight","Reading, Painting, Soccer, Tennis"
"Martina","Bianchi","06/01/1997","Houston","Bisexual","Cooking, Photography, Yoga, Literature"
"Tiziano","Costa","09/10/1995","Philadelphia","Gay","Music, Rock climbing, Theater, Golf"
"Greta","Giordano","12/05/1999","Phoenix","Lesbian","Dancing, Swimming, Hiking, Tennis"
"Paola","Rizzi","03/15/1996","San Antonio","Straight","Reading, Painting, Soccer, Yoga"
"Nicola","Lombardi","08/01/1998","San Diego","Bisexual","Cooking, Photography, Theater, Literature"
"Alessandra","Morelli","05/20/1997","Dallas","Gay","Music, Rock climbing, Golf, Hiking"
"Valentina","Parisi","02/10/1995","San Jose","Lesbian","Dancing, Swimming, Tennis, Yoga"
"Giacomo","Galli","07/05/1998","Austin","Straight","Reading, Painting, Soccer, Literature"
"Veronica","Parisi","02/10/1995","San Jose","Lesbian","Soccer, Golf"
"Federico","Bianchi","03/05/1999","Paris","Bisexual","Cooking, Photography, Hiking, Tennis"
"Giulia","Ferrari","08/15/1996","Madrid","Gay","Music, Rock climbing, Yoga, Art"
"Alessandro","Rizzo","12/20/1998","Rome","Lesbian","Dancing, Swimming, Theater, Golf"
"Emanuele","Verdi","09/01/1997","Berlin","Straight","Reading, Painting, Soccer, Jogging"
"Giorgia","Mancini","02/10/1995","Amsterdam","Gay","Cooking, Photography, Tennis, Yoga"
"Davide","Moretti","07/05/1999","New York","Bisexual","Music, Rock climbing, Theater, Literature"
"Francesco","De Luca","01/15/1996","Los Angeles","Lesbian","Dancing, Swimming, Golf, Hiking"
"Laura","Esposito","05/20/1998","Chicago","Straight","Reading, Painting, Soccer, Tennis"
"Martina","Costa","06/01/1997","Houston","Bisexual","Cooking, Photography, Yoga, Art"
"Tiziano","Galli","09/10/1995","Philadelphia","Gay","Music, Rock climbing, Theater, Golf"
"Greta","Lombardi","12/05/1999","Phoenix","Lesbian","Dancing, Swimming, Hiking, Tennis"
"Paola","Parisi","03/15/1996","San Antonio","Straight","Reading, Painting, Soccer, Yoga"
"Nicola","Giordano","08/01/1998","San Diego","Bisexual","Cooking, Photography, Theater, Literature"
"Alessandra","Rizzi","05/20/1997","Dallas","Gay","Music, Rock climbing, Golf, Hiking"
"Valentina","Morelli","02/10/1995","San Jose","Lesbian","Dancing, Swimming, Tennis, Art"
"Giacomo","Bianchi","07/05/1998","Austin","Straight","Reading, Painting, Soccer, Literature"
"Lara","Smith","03/05/1999","Paris","Bisexual","Cooking, Hiking"
"Javier","Gonzalez","08/15/1996","Madrid","Gay","Music, Yoga"
"Emma","Kim","12/20/1998","Rome","Lesbian","Dancing, Golf"
"David","Lee","09/01/1997","Berlin","Straight","Reading, Jogging"
"Chloe","Brown","02/10/1995","Amsterdam","Gay","Cooking, Tennis"
"Ali","Moore","07/05/1999","New York","Bisexual","Music, Theater"
"Sophia","Williams","01/15/1996","Los Angeles","Lesbian","Dancing, Golf"
"John","Taylor","05/20/1998","Chicago","Straight","Reading, Tennis"
"Kate","Anderson","06/01/1997","Houston","Bisexual","Cooking, Art"
"Mike","Thomas","09/10/1995","Philadelphia","Gay","Music, Golf"
"Lauren","Jackson","12/05/1999","Phoenix","Lesbian","Dancing, Tennis"
"Megan","White","03/15/1996","San Antonio","Straight","Reading, Yoga"
"Jason","Harris","08/01/1998","San Diego","Bisexual","Cooking, Literature"
"Nina","Martin","05/20/1997","Dallas","Gay","Music, Hiking"
"Ryan","Thompson","02/10/1995","San Jose","Lesbian","Dancing, Art"
"Ava","Rodriguez","07/05/1998","Austin","Straight","Reading, Literature"
"Sara","Johnson","03/05/1999","Paris","Bisexual","Soccer, Jogging"
"Pablo","Rodriguez","08/15/1996","Madrid","Gay","Music, Yoga"
"Emma","Wang","12/20/1998","Rome","Lesbian","Dancing, Golf"
"David","Kim","09/01/1997","Berlin","Straight","Reading, Tennis"
"Chloe","Brown","02/10/1995","Amsterdam","Gay","Cooking, Art"
"Ali","Moore","07/05/1999","New York","Bisexual","Music, Theater"
"Sophia","Williams","01/15/1996","Los Angeles","Lesbian","Dancing, Golf"
"John","Taylor","05/20/1998","Chicago","Straight","Reading, Tennis"
"Kate","Anderson","06/01/1997","Houston","Bisexual","Cooking, Art"
"Mike","Thomas","09/10/1995","Philadelphia","Gay","Music, Golf"
"Lauren","Jackson","12/05/1999","Phoenix","Lesbian","Dancing, Tennis"
"Megan","White","03/15/1996","San Antonio","Straight","Reading, Yoga"
"Jason","Harris","08/01/1998","San Diego","Bisexual","Cooking, Literature"
"Nina","Martin","05/20/1997","Dallas","Gay","Music, Hiking"
"Ryan","Thompson","02/10/1995","San Jose","Lesbian","Dancing, Art"
"Ava","Rodriguez","07/05/1998","Austin","Straight","Reading, Literature"
"Lena","Johansson","03/05/1999","Stockholm","Bisexual","Soccer, Photography, Hiking, Swimming"
"Juan","Garcia","08/15/1996","Madrid","Gay","Music, Yoga, Painting, Rock climbing, Swimming"
"Evelyn","Zhang","12/20/1998","Beijing","Lesbian","Dancing, Golf, Photography, Swimming"
"Drew","Park","09/01/1997","Seoul","Straight","Reading, Tennis, Painting, Rock climbing, Swimming"
"Caitlyn","Bryant","02/10/1995","London","Gay","Cooking, Art, Photography, Hiking, Swimming"
"Adam","Kim","07/05/1999","New York","Bisexual","Music, Theater, Rock climbing, Swimming"
"Samantha","Smith","01/15/1996","Los Angeles","Lesbian","Dancing, Golf, Photography, Hiking, Swimming"
"Jack","Jones","05/20/1998","Chicago","Straight","Reading, Tennis, Rock climbing, Swimming"
"Katie","Brown","06/01/1997","Houston","Bisexual","Cooking, Art, Photography, Hiking, Swimming"
"Michael","Williams","09/10/1995","Philadelphia","Gay","Music, Golf, Rock climbing, Swimming"
"Lisa","Wilson","12/05/1999","Phoenix","Lesbian","Dancing, Tennis, Photography, Hiking, Swimming"
"Matthew","Lee","03/15/1996","San Antonio","Straight","Reading, Yoga, Painting, Rock climbing"
"Jessica","Gonzalez","08/01/1998","San Diego","Bisexual","Cooking, Literature, Photography, Hiking, Swimming"
"Nathan","Taylor","05/20/1997","Dallas","Gay","Music, Hiking, Painting, Rock climbing, Swimming"
"Rachel","Moore","02/10/1995","San Jose","Lesbian","Dancing, Art, Photography, Hiking"
"Avery","Anderson","07/05/1998","Austin","Straight","Reading, Literature, Photography, Hiking, Swimming"
"Olga","Kovaleva","01/15/1998","Moscow","Lesbian","Soccer, Jogging, Photography, Hiking, Swimming"
"Antonio","Fernandez","05/20/1997","Madrid","Gay","Music, Yoga, Painting, Rock climbing, Swimming"
"Lydia","Kim","12/20/1996","Seoul","Bisexual","Dancing, Golf, Photography, Hiking, Swimming"
"Alex","Lee","09/01/1999","Beijing","Straight","Reading, Tennis, Painting, Rock climbing, Swimming"
"Beth","Wang","02/10/1997","Shanghai","Lesbian","Cooking, Art, Photography, Hiking, Swimming"
"Evan","Moore","07/05/1998","New York","Gay","Music, Theater, Painting, Rock climbing, Swimming"
"Sophie","Smith","01/15/1999","Los Angeles","Bisexual","Dancing, Golf, Photography, Hiking, Swimming"
"John","Jones","05/20/1997","Chicago","Straight","Reading, Tennis, Painting, Rock climbing, Swimming"
"Katie","Williams","06/01/1998","Houston","Lesbian","Cooking, Art, Photography, Hiking, Swimming"
"Michael","Brown","09/10/1996","Philadelphia","Gay","Music, Golf, Painting, Rock climbing, Swimming"
"Lisa","Garcia","12/05/1997","Phoenix","Bisexual","Dancing, Tennis, Photography, Hiking, Swimming"
"Matthew","Rodriguez","03/15/1998","San Antonio","Straight","Reading, Yoga, Painting, Rock climbing, Swimming"
"Jessica","Taylor","08/01/1999","San Diego","Lesbian","Cooking, Literature, Photography, Hiking, Swimming"
"Nathan","Jackson","05/20/1996","Dallas","Gay","Music, Hiking, Painting, Rock climbing, Swimming"
"Rachel","Thomas","02/10/1998","San Jose","Bisexual","Dancing, Art, Photography, Hiking, Swimming"
"Avery","Anderson","07/05/1997","Austin","Straight","Reading, Literature, Photography, Hiking, Swimming"
"Mila","Petrovic","03/05/1998","Belgrade","Bisexual","Soccer, Jogging, Photography, Hiking, Swimming"
"Javier","Rodriguez","08/15/1997","Madrid","Gay","Music, Yoga, Painting, Rock climbing, Swimming"
"Emma","Kim","12/20/1999","Seoul","Lesbian","Dancing, Golf, Photography, Hiking, Swimming"
"David","Lee","09/01/1998","Beijing","Straight","Reading, Tennis, Painting, Rock climbing, Swimming"
"Chloe","Wang","02/10/1996","Shanghai","Bisexual","Cooking, Art, Photography, Hiking, Swimming"
"Ali","Moore","07/05/1997","New York","Gay","Music, Theater, Painting, Rock climbing, Swimming"
"Sophia","Smith","01/15/1998","Los Angeles","Lesbian","Dancing, Golf, Photography, Hiking, Swimming"
"John","Jones","05/20/1999","Chicago","Straight","Reading, Tennis, Painting, Rock climbing, Swimming"
"Kate","Williams","06/01/1997","Houston","Bisexual","Cooking, Art, Photography, Hiking, Swimming"
"Mike","Brown","09/10/1998","Philadelphia","Gay","Music, Golf, Painting, Rock climbing, Swimming"
"Lauren","Garcia","12/05/1996","Phoenix","Lesbian","Dancing, Tennis, Photography, Hiking, Swimming"
"Megan","Rodriguez","03/15/1997","San Antonio","Straight","Reading, Yoga, Painting, Rock climbing, Swimming"
"Jason","Taylor","08/01/1998","San Diego","Bisexual","Cooking, Literature, Photography, Hiking, Swimming"
"Nina","Jackson","05/20/1999","Dallas","Gay","Music, Hiking, Painting, Rock climbing, Swimming"
"Ryan","Thomas","02/10/1997","San Jose","Lesbian","Dancing, Art, Photography, Hiking, Swimming"
"Ava","Anderson","07/05/1998","Austin","Straight","Reading, Literature, Photography, Hiking, Swimming"
"Anna","Sokolova","07/07/1998","Moscow","Bisexual","Swimming, Hiking"
"Rafael","Gonzalez","02/10/1997","Madrid","Gay","Photography, Painting"
"Emily","Park","05/20/1996","Seoul","Lesbian","Cooking, Literature"
"Tom","Zhang","09/01/1999","Beijing","Straight","Rock climbing, Yoga"
"Nina","Liu","02/10/1997","Shanghai","Bisexual","Golf, Tennis"
"Jordan","Johnson","07/05/1998","New York","Gay","Art, Theater"
"Emma","Jones","01/15/1999","Los Angeles","Lesbian","Dancing, Music"
"Michael","Smith","05/20/1997","Chicago","Straight","Jogging, Reading"
"Lily","Williams","06/01/1998","Houston","Bisexual","Soccer, Photography"
"Jason","Brown","09/10/1996","Philadelphia","Gay","Golf, Music"
"Olivia","Garcia","12/05/1997","Phoenix","Lesbian","Tennis, Dancing"
"Matthew","Rodriguez","03/15/1998","San Antonio","Straight","Yoga, Reading"
"Jessica","Taylor","08/01/1999","San Diego","Bisexual","Literature, Cooking"
"Nina","Jackson","05/20/1996","Dallas","Gay","Hiking, Music"
"Ryan","Thomas","02/10/1998","San Jose","Lesbian","Art, Dancing"
"Ava","Anderson","07/05/1997","Austin","Straight","Literature, Reading"
"Julia","Wang","06/25/1998","Shanghai","Bisexual","Swimming, Hiking"
"Carlos","Gonzalez","03/10/1997","Madrid","Gay","Photography, Painting"
"Mia","Kim","06/20/1996","Seoul","Lesbian","Cooking, Literature"
"Yi","Liu","11/01/1999","Beijing","Straight","Rock climbing, Yoga"
"Lena","Zhang","03/10/1997","Moscow","Bisexual","Golf, Tennis"
"Ryan","Johnson","08/05/1998","New York","Gay","Art, Theater"
"Ava","Jones","02/15/1999","Los Angeles","Lesbian","Dancing, Music"
"John","Smith","06/20/1997","Chicago","Straight","Jogging, Reading"
"Emma","Williams","07/01/1998","Houston","Bisexual","Soccer, Photography"
"Alex","Brown","10/10/1996","Philadelphia","Gay","Golf, Music"
"Sofia","Garcia","01/05/1997","Phoenix","Lesbian","Tennis, Dancing"
"Mark","Rodriguez","04/15/1998","San Antonio","Straight","Yoga, Reading"
"Jessica","Taylor","09/01/1999","San Diego","Bisexual","Literature, Cooking"
"Nina","Jackson","06/20/1996","Dallas","Gay","Hiking, Music"
"William","Thomas","03/10/1998","San Jose","Lesbian","Art, Dancing"
"Emily","Anderson","08/05/1997","Austin","Straight","Literature, Reading"
"Ali","Wang","07/25/1998","Shanghai","Bisexual","Soccer, Jogging, Yoga, Photography, Music"
"Rafael","Gonzalez","04/10/1997","Madrid","Gay","Photography, Painting, Soccer, Literature, Tennis"
"Emma","Kim","07/20/1996","Seoul","Lesbian","Cooking, Literature, Dancing, Art, Tennis"
"David","Liu","12/01/1999","Beijing","Straight","Rock climbing, Yoga, Swimming, Theater, Golf"
"Chloe","Zhang","04/10/1997","Moscow","Bisexual","Golf, Tennis, Soccer, Photography, Music"
"Jordan","Johnson","09/05/1998","New York","Gay","Art, Theater, Hiking, Yoga, Music"
"Sophia","Jones","03/15/1999","Los Angeles","Lesbian","Dancing, Music, Rock climbing, Tennis, Painting"
"John","Smith","07/20/1997","Chicago","Straight","Jogging, Reading, Golf, Photography, Art"
"Kate","Williams","08/01/1998","Houston","Bisexual","Soccer, Photography, Hiking, Yoga, Music"
"Mike","Brown","11/10/1996","Philadelphia","Gay","Golf, Music, Soccer, Swimming, Tennis"
"Lauren","Garcia","02/05/1997","Phoenix","Lesbian","Tennis, Dancing, Photography, Art, Music"
"Megan","Rodriguez","05/15/1998","San Antonio","Straight","Yoga, Reading, Soccer, Swimming, Tennis"
"Jason","Taylor","10/01/1999","San Diego","Bisexual","Literature, Cooking, Art, Photography, Music"
"Nina","Jackson","07/20/1996","Dallas","Gay","Hiking, Music, Rock climbing, Yoga, Swimming"
"Ryan","Thomas","04/10/1998","San Jose","Lesbian","Art, Dancing, Tennis, Photography, Music"
"Ava","Anderson","09/05/1997","Austin","Straight","Literature, Reading, Soccer, Swimming, Tennis"
"Alex","Wang","07/25/1998","Shanghai","Straight","Soccer, Jogging, Yoga, Photography, Music"
"Laura","Gonzalez","04/10/1997","Madrid","Bisexual","Photography, Painting, Soccer, Literature, Tennis"
"Mia","Kim","07/20/1996","Seoul","Lesbian","Cooking, Literature, Dancing, Art, Tennis"
"Yi","Liu","12/01/1999","Beijing","Straight","Rock climbing, Yoga, Swimming, Theater, Golf"
"Lena","Zhang","04/10/1997","Moscow","Bisexual","Golf, Tennis, Soccer, Photography, Music"
"Carlos","Johnson","09/05/1998","New York","Gay","Art, Theater, Hiking, Yoga, Music"
"Sofia","Jones","03/15/1999","Los Angeles","Lesbian","Dancing, Music, Rock climbing, Tennis, Painting"
"John","Smith","07/20/1997","Chicago","Straight","Jogging, Reading, Golf, Photography, Art"
"Emma","Williams","08/01/1998","Houston","Bisexual","Soccer, Photography, Hiking, Yoga, Music"
"William","Brown","11/10/1996","Philadelphia","Gay","Golf, Music, Soccer, Swimming, Tennis"
"Jessica","Garcia","02/05/1997","Phoenix","Lesbian","Tennis, Dancing, Photography, Art, Music"
"Mark","Rodriguez","05/15/1998","San Antonio","Straight","Yoga, Reading, Soccer, Swimming, Tennis"
"Nina","Taylor","10/01/1999","San Diego","Bisexual","Literature, Cooking, Art, Photography, Music"
"Ryan","Jackson","07/20/1996","Dallas","Gay","Hiking, Music, Rock climbing, Yoga, Swimming"
"Emily","Thomas","04/10/1998","San Jose","Lesbian","Art, Dancing, Tennis, Photography, Music"
"Ava","Anderson","09/05/1991","Austin","Straight","Literature,Soccer, Swimming, Tennis"
"Liam","Mills","09/25/1998","Shanghai","Straight","Football, Running, Pilates, Nature Photography, Jazz"
"Zara","Rodriguez","05/10/1997","Madrid","Bisexual","Hiking, Sketching, Football, Poetry, Table Tennis"
"Samantha","Lee","08/20/1996","Seoul","Lesbian","Baking, Poetry, Ballet, Landscaping, Table Tennis"
"Xiao","Chang","01/01/1999","Beijing","Straight","Rock Climbing, Meditation, Swimming, Improv, Golf"
"Xiaoxue","Feng","05/10/1997","Moscow","Bisexual","Golf, Table Tennis, Football, Nature Photography, Jazz"
"Javier","Chen","10/05/1998","New York","Gay","Landscaping, Improv, Hiking, Meditation, Jazz"
"Olivia","Park","04/15/1999","Los Angeles","Lesbian","Ballet, Jazz, Rock Climbing, Table Tennis, Sketching"
"James","Smith","08/20/1997","Chicago","Straight","Running, Reading, Golf, Nature Photography, Landscaping"
"Amelia","Taylor","09/01/1998","Houston","Bisexual","Football, Nature Photography, Hiking, Meditation, Jazz"
"Noah","Kim","12/10/1996","Philadelphia","Gay","Golf, Jazz, Football, Swimming, Table Tennis"
"Mia","Wu","03/05/1997","Phoenix","Lesbian","Table Tennis, Ballet, Nature Photography, Landscaping, Jazz"
"Diego","Castro","06/15/1998","San Antonio","Straight","Meditation, Reading, Football, Swimming, Table Tennis"
"Abigail","Lopez","11/01/1999","San Diego","Bisexual","Poetry, Baking, Landscaping, Nature Photography, Jazz"
"Joseph","Park","08/20/1996","Dallas","Gay","Hiking, Jazz, Rock Climbing, Meditation, Swimming"
"Sofia","Choi","05/10/1998","San Jose","Lesbian","Landscaping, Ballet, Table Tennis, Nature Photography, Jazz"
"Ella","Kim","10/05/1997","Austin","Straight","Poetry, Reading, Football, Swimming"
"Noah","Smith","09/25/1998","Shanghai","Straight","Football, Running, Yoga, Photography, Music"
"Emma","Garcia","05/10/1997","Madrid","Bisexual","Photography, Painting, Football, Literature, Tennis"
"Olivia","Kim","08/20/1996","Seoul","Lesbian","Cooking, Literature, Dancing, Art, Tennis"
"Yuan","Liu","01/01/1999","Beijing","Straight","Rock climbing, Yoga, Swimming, Theater, Golf"
"Ling","Zhang","05/10/1997","Moscow","Bisexual","Golf, Tennis, Football, Photography, Music"
"Miguel","Johnson","10/05/1998","New York","Gay","Art, Theater, Hiking, Yoga, Music"
"Isabella","Jones","04/15/1999","Los Angeles","Lesbian","Dancing, Music, Rock climbing, Tennis, Painting"
"Adam","Smith","08/20/1997","Chicago","Straight","Running, Reading, Golf, Photography, Art"
"Grace","Williams","09/01/1998","Houston","Bisexual","Football, Photography, Hiking, Yoga, Music"
"Evan","Brown","12/10/1996","Philadelphia","Gay","Golf, Music, Football, Swimming, Tennis"
"Sophia","Garcia","03/05/1997","Phoenix","Lesbian","Tennis, Dancing, Photography, Art, Music"
"Juan","Rodriguez","06/15/1998","San Antonio","Straight","Yoga, Reading, Football, Swimming, Tennis"
"Emily","Taylor","11/01/1999","San Diego","Bisexual","Literature, Cooking, Art, Photography, Music"
"Austin","Jackson","08/20/1996","Dallas","Gay","Hiking, Music, Rock climbing, Yoga, Swimming"
"Emma","Thomas","05/10/1998","San Jose","Lesbian","Art, Dancing, Tennis, Photography, Music"
"Ava","Anderson","10/05/1997","Austin","Straight","Literature, Reading, Football, Swimming, Tennis"
"Henry","Lopez","09/25/1998","Shanghai","Straight","Swimming, Jogging, Yoga, Photography, Music"
"Olivia","Rodriguez","05/10/1997","Madrid","Bisexual","Photography, Painting, Swimming, Literature, Tennis"
"Ava","Lee","08/20/1996","Seoul","Lesbian","Cooking, Literature, Dancing, Art, Tennis"
"Yuan","Wang","01/01/1999","Beijing","Straight","Rock climbing, Yoga, Swimming, Theater, Golf"
"Ling","Feng","05/10/1997","Moscow","Bisexual","Golf, Tennis, Swimming, Photography, Music"
"Miguel","Garcia","10/05/1998","New York","Gay","Art, Theater, Hiking, Yoga, Music"
"Isabella","Park","04/15/1999","Los Angeles","Lesbian","Dancing, Music, Rock climbing, Tennis, Painting"
"Adam","Kim","08/20/1997","Chicago","Straight","Jogging, Reading, Golf, Photography, Art"
"Grace","Choi","09/01/1998","Houston","Bisexual","Swimming, Photography, Hiking, Yoga, Music"
"Evan","Mills","12/10/1996","Philadelphia","Gay","Golf, Music, Swimming, Swimming, Tennis"
"Sophia","Chen","03/05/1997","Phoenix","Lesbian","Tennis, Dancing, Photography, Art, Music"
"Liam","Baker","09/11/1998","Paris","Straight","Swimming, Jogging, Yoga, Photography, Music"
"Aria","Cameron","05/15/1997","Rome","Bisexual","Photography, Painting, Swimming, Literature, Tennis"
"Mia","Davies","08/25/1996","Sydney","Lesbian","Cooking, Literature, Dancing, Art, Tennis"
"Jin","Foster","01/20/1999","Tokyo","Straight","Rock climbing, Yoga, Swimming, Theater, Golf"
"Ling","Gibson","05/25/1997","London","Bisexual","Golf, Tennis, Swimming, Photography, Music"
"Miguel","Hayes","10/15/1998","New York","Gay","Art, Theater, Hiking, Yoga, Music"
"Isabella","Ingram","04/25/1999","Los Angeles","Lesbian","Dancing, Music, Rock climbing, Tennis, Painting"
"Adam","James","08/25/1997","Chicago","Straight","Jogging, Reading, Golf, Photography, Art"
"Grace","Kendall","09/11/1998","Houston","Bisexual","Swimming, Photography, Hiking, Yoga, Music"
"Noah","Parker","09/11/1998","Paris","Straight","Swimming, Yoga"
"Emma","Peters","05/15/1997","Rome","Bisexual","Photography, Tennis"
"Olivia","Price","08/25/1996","Sydney","Lesbian","Cooking, Art"
"Henry","Lopez","09/25/1998","Shanghai","Straight","Swimming, Jogging"
"Olivia","Rodriguez","05/10/1997","Madrid","Bisexual","Photography, Painting"
"Ava","Lee","08/20/1996","Seoul","Lesbian","Cooking, Literature"
"Yuan","Wang","01/01/1999","Beijing","Straight","Rock climbing, Yoga"
"Ling","Feng","05/10/1997","Moscow","Bisexual","Golf, Tennis"
"Miguel","Garcia","10/05/1998","New York","Gay","Art, Theater"
"Isabella","Park","04/15/1999","Los Angeles","Lesbian","Dancing, Music"
"Adam","Kim","08/20/1997","Chicago","Straight","Jogging, Reading"
"Grace","Choi","09/01/1998","Houston","Bisexual","Swimming, Photography"
"Yuan","Richards","01/20/1999","Tokyo","Straight","Rock climbing, Golf"
"Ling","Roberts","05/25/1997","London","Bisexual","Tennis, Photography"
"Miguel","Ryan","10/15/1998","New York","Gay","Art, Yoga"
"Isabella","Smith","04/25/1999","Los Angeles","Lesbian","Dancing, Painting"
"Adam","Taylor","08/25/1997","Chicago","Straight","Reading, Photography"
"Grace","Wilson","09/11/1998","Houston","Bisexual","Swimming, Yoga"
"Lena","Müller","09/11/1998","Paris","Straight","Cooking, Tennis"
"Emma","Schmidt","05/15/1997","Rome","Bisexual","Photography, Golf"
"Laura","Schneider","08/25/1996","Sydney","Lesbian","Swimming, Yoga"
"Lea","Fischer","01/20/1999","Tokyo","Straight","Art, Theater"
"Lena","Weber","05/25/1997","London","Bisexual","Rock climbing, Music"
"Paul","Meyer","10/15/1998","New York","Gay","Reading, Literature"
"Johanna","Wagner","04/25/1999","Los Angeles","Lesbian","Tennis, Dancing"
"Jonas","Becker","08/25/1997","Chicago","Straight","Jogging, Photography"
"Lea","Hoffmann","09/11/1998","Houston","Bisexual","Hiking, Painting"
"Liam","Baker","09/25/1998","Paris","Straight","Swimming"
"Aria","Cameron","05/10/1997","Rome","Bisexual","Photography"
"Mia","Davies","08/20/1996","Sydney","Lesbian","Cooking"
"Jin","Foster","01/01/1999","Tokyo","Straight","Rock climbing"
"Ling","Gibson","05/10/1997","London","Bisexual","Golf"
"Miguel","Hayes","10/05/1998","New York","Gay","Art"
"Isabella","Ingram","04/15/1999","Los Angeles","Lesbian","Dancing"
"Adam","James","08/20/1997","Chicago","Straight","Jogging"
"Grace","Kendall","09/01/1998","Houston","Bisexual","Swimming"
"Julian","Flynn","02/03/1998","Toronto","Straight","Basketball"
"Aria","Gonzalez","07/05/1997","Mexico City","Bisexual","Cooking"
"Mia","Scott","01/02/1996","São Paulo","Lesbian","Reading"
"Jin","Chang","03/04/1999","Shanghai","Straight","Guitar"
"Ling","Lee","06/07/1997","Seoul","Bisexual","Dancing"
"Miguel","Wang","11/12/1998","Beijing","Gay","Yoga"
"Isabella","Zhang","05/06/1999","Hong Kong","Lesbian","Photography"
"Adam","Kim","09/10/1997","Tokyo","Straight","Swimming"
"Grace","Moon","03/04/1998","Osaka","Bisexual","Hiking"
"Luke","Smith","12/03/1998","Toronto","Straight","Basketball, Tennis, Swimming"
"Emma","Johnson","11/05/1997","Mexico City","Bisexual","Cooking, Reading, Photography"
"Emily","Williams","03/02/1996","São Paulo","Lesbian","Reading, Art, Yoga"
"Yuan","Jones","01/04/1999","Shanghai","Straight","Guitar, Singing, Dancing"
"Ling","Taylor","09/07/1997","Seoul","Bisexual","Dancing, Swimming, Yoga"
"Miguel","Brown","07/12/1998","Beijing","Gay","Yoga, Art, Reading"
"Isabella","Davis","07/06/1999","Hong Kong","Lesbian","Photography, Cooking, Painting"
"Adam","Miller","05/10/1997","Tokyo","Straight","Swimming, Tennis, Reading"
"Grace","Wilson","08/04/1998","Osaka","Bisexual","Hiking, Rock climbing, Yoga"
"John","Smith","06/03/1998","Toronto","Straight","Soccer, Tennis"
"Olivia","Johnson","03/05/1997","Mexico City","Bisexual","Cooking, Photography"
"Sophia","Williams","07/02/1996","São Paulo","Lesbian","Reading, Yoga"
"Jin","Jones","02/04/1999","Shanghai","Straight","Guitar, Dancing"
"Ling","Taylor","01/07/1997","Seoul","Bisexual","Dancing, Yoga"
"Miguel","Brown","05/12/1998","Beijing","Gay","Yoga, Reading"
"Isabella","Davis","02/06/1999","Hong Kong","Lesbian","Photography, Painting"
"Adam","Miller","09/10/1997","Tokyo","Straight","Swimming, Reading"
"Grace","Wilson","03/04/1998","Osaka","Bisexual","Hiking, Yoga"
"Ethan","Moore","06/10/1998","Toronto","Straight","Basketball, Tennis, Swimming"
"Emma","Brown","09/05/1997","Mexico City","Bisexual","Cooking, Reading, Photography"
"Emily","Davis","11/02/1996","São Paulo","Lesbian","Reading, Art, Yoga"
"Yuan","Miller","05/04/1999","Shanghai","Straight","Guitar, Singing, Dancing"
"Ling","Taylor","01/07/1997","Seoul","Bisexual","Dancing, Swimming, Yoga"
"Miguel","Wilson","08/12/1998","Beijing","Gay","Yoga, Art, Reading"
"Isabella","Moore","07/06/1999","Hong Kong","Lesbian","Photography, Cooking, Painting"
"Adam","Anderson","09/10/1997","Tokyo","Straight","Swimming, Tennis, Reading"
"Grace","Thomas","03/04/1998","Osaka","Bisexual","Hiking, Rock climbing, Yoga"
"John","Jackson","06/03/1998","Toronto","Straight","Soccer, Tennis"
"Olivia","White","03/05/1997","Mexico City","Bisexual","Cooking, Photography"
"Sophia","Harris","07/02/1996","São Paulo","Lesbian","Reading, Yoga"
"Jin","Martin","02/04/1999","Shanghai","Straight","Guitar, Dancing"
"Ling","Thompson","01/07/1997","Seoul","Bisexual","Dancing, Yoga"
"Miguel","Garcia","05/12/1998","Beijing","Gay","Yoga, Reading"
"Isabella","Martinez","02/06/1999","Hong Kong","Lesbian","Photography, Painting"
"Adam","Robinson","09/10/1997","Tokyo","Straight","Swimming, Reading"
"Grace","Clark","03/04/1998","Osaka","Bisexual","Hiking, Yoga"
"Daniel","Ford","01/01/1997","Toronto","Straight","Baseball, Tennis, Swimming"
"Olivia","James","02/02/1997","Mexico City","Bisexual","Cooking, Reading, Photography"
"Emily","Smith","03/03/1997","São Paulo","Lesbian","Reading, Art, Yoga"
"Yuan","Lee","04/04/1997","Shanghai","Straight","Guitar, Singing, Dancing"
"Ling","Wang","05/05/1997","Seoul","Bisexual","Dancing, Swimming, Yoga"
"Miguel","Garcia","06/06/1997","Beijing","Gay","Yoga, Art, Reading"
"Isabella","Johnson","07/07/1997","Hong Kong","Lesbian","Photography, Cooking, Painting"
"Adam","Williams","08/08/1997","Tokyo","Straight","Swimming, Tennis, Reading"
"Grace","Jones","09/09/1997","Osaka","Bisexual","Hiking, Rock climbing, Yoga"
"John","Brown","10/10/1997","Toronto","Straight","Soccer, Tennis"
"Olivia","Miller","11/11/1997","Mexico City","Bisexual","Cooking, Photography"
"Sophia","Davis","12/12/1997","São Paulo","Lesbian","Reading, Yoga"
"Jin","Moore","01/01/1998","Shanghai","Straight","Guitar, Dancing"
"Ling","Taylor","02/02/1998","Seoul","Bisexual","Dancing, Yoga"
"Miguel","Anderson","03/03/1998","Beijing","Gay","Yoga, Reading"
"Isabella","Thomas","04/04/1998","Hong Kong","Lesbian","Photography, Painting"
"Adam","Jackson","05/05/1998","Tokyo","Straight","Swimming, Reading"
"Grace","White","06/06/1998","Osaka","Bisexual","Hiking, Yoga"
"Julie","Rodriguez","07/06/1997","Toronto","Straight","Basketball, Tennis, Swimming"
"Sofia","Garcia","03/03/1998","Mexico City","Bisexual","Cooking, Reading, Photography"
"Chloe","Rodriguez","11/01/1996","São Paulo","Lesbian","Reading, Art, Yoga"
"Ming","Martinez","08/04/1999","Shanghai","Straight","Guitar, Singing, Dancing"
"Minji","Kim","02/06/1997","Seoul","Bisexual","Dancing, Swimming, Yoga"
"Jin","Wang","01/12/1998","Beijing","Gay","Yoga, Art, Reading"
"Xiao","Lee","05/06/1999","Hong Kong","Lesbian","Photography, Cooking, Painting"
"Takashi","Tanaka","09/10/1997","Tokyo","Straight","Swimming, Tennis, Reading"
"Naomi","Suzuki","03/04/1998","Osaka","Bisexual","Hiking, Rock climbing, Yoga"
"Matthew","Nguyen","06/03/1998","Toronto","Straight","Soccer, Tennis"
"Ava","Tran","03/05/1997","Mexico City","Bisexual","Cooking, Photography"
"Isabella","Pham","07/02/1996","São Paulo","Lesbian","Reading, Yoga"
"Jing","Zhang","02/04/1999","Shanghai","Straight","Guitar, Dancing"
"Yun","Chen","01/07/1997","Seoul","Bisexual","Dancing, Yoga"
"Hyun","Park","05/12/1998","Beijing","Gay","Yoga, Reading"
"Yumi","Kim","02/06/1999","Hong Kong","Lesbian","Photography, Painting"
"Kaito","Saito","09/10/1997","Tokyo","Straight","Swimming, Reading"
"Miku","Sasaki","03/04/1998","Osaka","Bisexual","Hiking, Yoga"
"David","Gonzalez","10/06/1997","Toronto","Straight","Baseball, Tennis, Swimming"
"Alexandra","Perez","09/02/1998","Mexico City","Bisexual","Cooking, Reading, Photography"
"Rocio","Garcia","07/10/1996","São Paulo","Lesbian","Reading, Art, Yoga"
"Jiang","Wang","11/08/1999","Shanghai","Straight","Guitar, Singing, Dancing"
"Ling","Lee","12/06/1997","Seoul","Bisexual","Dancing, Swimming, Yoga"
"Miguel","Smith","08/12/1998","Beijing","Gay","Yoga, Art, Reading"
"Isabella","Johnson","07/06/1999","Hong Kong","Lesbian","Photography, Cooking, Painting"
"Adam","Williams","06/10/1997","Tokyo","Straight","Swimming, Tennis, Reading"
"Grace","Jones","01/04/1998","Osaka","Bisexual","Hiking, Rock climbing, Yoga"
"John","Brown","05/03/1998","Toronto","Straight","Soccer, Tennis"
"Olivia","Miller","03/05/1997","Mexico City","Bisexual","Cooking, Photography"
"Sophia","Davis","07/02/1996","São Paulo","Lesbian","Reading, Yoga"
"Jin","Moore","02/04/1999","Shanghai","Straight","Guitar, Dancing"
"Ling","Taylor","01/07/1997","Seoul","Bisexual","Dancing, Yoga"
"Miguel","Anderson","03/03/1998","Beijing","Gay","Yoga, Reading"
"Isabella","Thomas","04/04/1998","Hong Kong","Lesbian","Photography, Painting"
"Adam","Jackson","05/05/1998","Tokyo","Straight","Swimming, Reading"
"Grace","White","06/06/1998","Osaka","Bisexual","Hiking, Yoga"
"Jason","Rodriguez","05/01/1997","Toronto","Straight","Basketball, Tennis, Swimming"
"Sara","Garcia","08/07/1998","Mexico City","Bisexual","Cooking, Reading, Photography"
"Claire","Rodriguez","12/03/1996","São Paulo","Lesbian","Reading, Art, Yoga"
"Xu","Martinez","06/09/1999","Shanghai","Straight","Guitar, Singing, Dancing"
"Ling","Kim","03/06/1997","Seoul","Bisexual","Dancing, Swimming, Yoga"
"Juan","Wang","02/12/1998","Beijing","Gay","Yoga, Art, Reading"
"Anna","Lee","04/06/1999","Hong Kong","Lesbian","Photography, Cooking, Painting"
"Tom","Tanaka","07/10/1997","Tokyo","Straight","Swimming, Tennis, Reading"
"Emma","Suzuki","09/04/1998","Osaka","Bisexual","Hiking, Rock climbing, Yoga"
"Mark","Nguyen","08/03/1998","Toronto","Straight","Soccer, Tennis"
"Jasmine","Tran","07/05/1997","Mexico City","Bisexual","Cooking, Photography"
"Katie","Pham","06/02/1996","São Paulo","Lesbian","Reading, Yoga"
"Ling","Zhang","01/04/1999","Shanghai","Straight","Guitar, Dancing"
"Yun","Chen","07/07/1997","Seoul","Bisexual","Dancing, Yoga"
"Miguel","Park","08/03/1998","Beijing","Gay","Yoga, Reading"
"Sofia","Kim","09/06/1999","Hong Kong","Lesbian","Photography, Painting"
"Tim","Saito","06/10/1997","Tokyo","Straight","Swimming, Reading"
"Emily","Sasaki","10/04/1998","Osaka","Bisexual","Hiking, Yoga"
"Michael","Gonzalez","03/06/1997","Toronto","Straight","Baseball, Tennis, Swimming"
"Jessica","Perez","07/03/1998","Mexico City","Bisexual","Cooking, Reading, Photography"
"Samuel","Garcia","11/09/1996","São Paulo","Lesbian","Reading, Art, Yoga"
"Zhi","Wang","01/05/1999","Shanghai","Straight","Guitar, Singing, Dancing"
"Jie","Lee","06/06/1997","Seoul","Bisexual","Dancing, Swimming, Yoga"
"Javier","Smith","09/12/1998","Beijing","Gay","Yoga, Art, Reading"
"Kate","Johnson","05/06/1999","Hong Kong","Lesbian","Photography, Cooking, Painting"
"Chris","Williams","04/10/1997","Tokyo","Straight","Swimming, Tennis, Reading"
"Megan","Jones","08/04/1998","Osaka","Bisexual","Hiking, Rock climbing, Yoga"
"Andrew","Brown","07/03/1998","Toronto","Straight","Soccer, Tennis"
"Ashley","Miller","06/05/1997","Mexico City","Bisexual","Cooking, Photography"
"Benjamin","Davis","05/02/1996","São Paulo","Lesbian","Reading, Yoga"
"Jie","Moore","03/04/1999","Shanghai","Straight","Guitar, Dancing"
"Zhi","Taylor","04/07/1997","Seoul","Bisexual","Dancing, Yoga"
"Javier","Anderson","02/03/1998","Beijing","Gay","Yoga, Reading"
"Kate","Thomas","03/04/1998","Hong Kong","Lesbian","Photography, Painting"
"Chris","Jackson","04/05/1998","Tokyo","Straight","Swimming, Reading"
"Megan","White","05/06/1998","Osaka","Bisexual","Hiking, Yoga"
"William","Rodriguez","06/01/1997","Toronto","Straight","Basketball, Tennis, Swimming"
"Elizabeth","Garcia","07/07/1998","Mexico City","Bisexual","Cooking, Reading, Photography"
"James","Rodriguez","11/03/1996","São Paulo","Lesbian","Reading, Art, Yoga"
"Yue","Martinez","07/09/1999","Shanghai","Straight","Guitar, Singing, Dancing"
"Yan","Kim","04/06/1997","Seoul","Bisexual","Dancing, Swimming, Yoga"
"Luis","Wang","03/12/1998","Beijing","Gay","Yoga, Art, Reading"
"Emily","Lee","05/06/1999","Hong Kong","Lesbian","Photography, Cooking, Painting"
"Robert","Tanaka","08/10/1997","Tokyo","Straight","Swimming, Tennis, Reading"
"Ashley","Suzuki","10/04/1998","Osaka","Bisexual","Hiking, Rock climbing, Yoga"
"Edward","Nguyen","09/03/1998","Toronto","Straight","Soccer, Tennis"
"Samantha","Tran","08/05/1997","Mexico City","Bisexual","Cooking, Photography"
"Linda","Pham","07/02/1996","São Paulo","Lesbian","Reading, Yoga"
"Yan","Zhang","02/04/1999","Shanghai","Straight","Guitar, Dancing"
"Yue","Chen","08/07/1997","Seoul","Bisexual","Dancing, Yoga"
"Luis","Park","09/03/1998","Beijing","Gay","Yoga, Reading"
"Emily","Kim","10/06/1999","Hong Kong","Lesbian","Photography, Painting"
"Robert","Saito","07/10/1997","Tokyo","Straight","Swimming, Reading"
"Ashley","Sasaki","11/04/1998","Osaka","Bisexual","Hiking, Yoga"
"David","Gonzalez","04/06/1997","Toronto","Straight","Baseball, Tennis, Swimming"
"Amanda","Perez","08/03/1998","Mexico City","Bisexual","Cooking, Reading, Photography"
"John","Garcia","12/09/1996","São Paulo","Lesbian","Reading, Art, Yoga"
"Ting","Wang","02/05/1999","Shanghai","Straight","Guitar, Singing, Dancing"
"Li","Lee","07/06/1997","Seoul","Bisexual","Dancing, Swimming, Yoga"
"Mario","Smith","10/12/1998","Beijing","Gay","Yoga, Art, Reading"
"Sarah","Johnson","06/06/1999","Hong Kong","Lesbian","Photography, Cooking, Painting"
"Richard","Williams","05/10/1997","Tokyo","Straight","Swimming, Tennis, Reading"
"Stephanie","Jones","09/04/1998","Osaka","Bisexual","Hiking, Rock climbing, Yoga"
"Charles","Brown","08/03/1998","Toronto","Straight","Soccer, Tennis"
"Lauren","Miller","07/05/1997","Mexico City","Bisexual","Cooking, Photography"
"Thomas","Davis","06/02/1996","São Paulo","Lesbian","Reading, Yoga"
"Li","Moore","04/04/1999","Shanghai","Straight","Guitar, Dancing"
"Ting","Taylor","05/07/1997","Seoul","Bisexual","Dancing, Yoga"
"Mario","Anderson","03/03/1998","Beijing","Gay","Yoga, Reading"
"Sarah","Thomas","04/04/1998","Hong Kong","Lesbian","Photography, Painting"
"Richard","Jackson","05/05/1998","Tokyo","Straight","Swimming, Reading"
"Stephanie","White","06/06/1998","Osaka","Bisexual","Hiking, Yoga"
"George","Rodriguez","07/01/1997","Toronto","Straight","Basketball, Tennis, Swimming"
"Maria","Garcia","09/07/1998","Mexico City","Bisexual","Cooking, Reading, Photography"
"William","Rodriguez","01/03/1996","São Paulo","Lesbian","Reading, Art, Yoga"
"Min","Martinez","08/09/1999","Shanghai","Straight","Guitar, Singing, Dancing"
"Jin","Kim","05/06/1997","Seoul","Bisexual","Dancing, Swimming, Yoga"
"Carlos","Wang","04/12/1998","Beijing","Gay","Yoga, Art, Reading"
"Jessica","Lee","07/06/1999","Hong Kong","Lesbian","Photography, Cooking, Painting"
"James","Tanaka","09/10/1997","Tokyo","Straight","Swimming, Tennis, Reading"
"Emily","Suzuki","11/04/1998","Osaka","Bisexual","Hiking, Rock climbing, Yoga"
"Adam","Nguyen","10/03/1998","Toronto","Straight","Soccer, Tennis"
"Sara","Tran","09/05/1997","Mexico City","Bisexual","Cooking, Photography"
"Christine","Pham","08/02/1996","São Paulo","Lesbian","Reading, Yoga"
"Jin","Zhang","03/04/1999","Shanghai","Straight","Guitar, Dancing"
"Min","Chen","09/07/1997","Seoul","Bisexual","Dancing, Yoga"
"Carlos","Park","10/03/1998","Beijing","Gay","Yoga, Reading"
"Jessica","Kim","11/06/1999","Hong Kong","Lesbian","Photography, Painting"
"James","Saito","08/10/1997","Tokyo","Straight","Swimming, Reading"
"Emily","Sasaki","12/04/1998","Osaka","Bisexual","Hiking, Yoga"
"David","Williams","06/12/1998","New York","Straight","Soccer, Tennis, Swimming"
"Jessica","Johnson","08/09/1997","Los Angeles","Bisexual","Cooking, Photography, Painting"
"Mark","Brown","05/11/1999","Chicago","Gay","Reading, Art, Yoga"
"Emma","Jones","07/01/1996","Houston","Lesbian","Singing, Dancing, Guitar"
"Christopher","Garcia","09/03/1998","Philadelphia","Straight","Dancing, Swimming, Yoga"
"Samantha","Miller","04/07/1999","Phoenix","Bisexual","Yoga, Art, Reading"
"Matthew","Davis","03/06/1997","San Antonio","Lesbian","Photography, Cooking, Painting"
"Ashley","Rodriguez","10/08/1996","San Diego","Straight","Swimming, Tennis, Reading"
"Sarah","Martin","11/04/1999","Dallas","Bisexual","Hiking, Rock climbing, Yoga"
"Jacob","Hernandez","12/03/1998","San Jose","Straight","Soccer, Tennis"
"Michelle","Lopez","01/05/1997","Austin","Bisexual","Cooking, Photography"
"Michael","Gonzalez","02/02/1996","Jacksonville","Lesbian","Reading, Yoga"
"Sophia","Perez","03/04/1999","San Francisco","Straight","Guitar, Dancing"
"Jason","Moore","04/07/1997","Indianapolis","Bisexual","Dancing, Yoga"
"Karen","Martin","05/03/1998","Columbus","Gay","Yoga, Reading"
"Laura","Garcia","06/06/1999","Fort Worth","Lesbian","Photography, Painting"
"Richard","Robinson","07/10/1997","Charlotte","Straight","Swimming, Reading"
"Kimberly","Clark","08/04/1998","Detroit","Bisexual","Yoga"
"John","Lee","09/12/1998","Toronto","Straight","Soccer, Tennis, Swimming"
"Kate","Wong","07/09/1997","Mexico City","Bisexual","Cooking, Photography, Painting"
"Steven","Kim","06/11/1999","São Paulo","Gay","Reading, Art, Yoga"
"Emily","Park","05/01/1996","Shanghai","Lesbian","Singing, Dancing, Guitar"
"Paul","Zhang","04/03/1998","Seoul","Straight","Dancing, Swimming, Yoga"
"Samantha","Chen","03/07/1999","Beijing","Bisexual","Yoga, Art, Reading"
"David","Lin","02/06/1997","Hong Kong","Lesbian","Photography, Cooking, Painting"
"Linda","Huang","01/08/1996","Tokyo","Straight","Swimming, Tennis, Reading"
"Kimberly","Suzuki","12/04/1999","Osaka","Bisexual","Hiking, Rock climbing, Yoga"
"Jason","Takahashi","11/03/1998","Toronto","Straight","Soccer, Tennis"
"Sarah","Saito","10/05/1997","Mexico City","Bisexual","Cooking, Photography"
"Michael","Sasaki","09/02/1996","São Paulo","Lesbian","Reading, Yoga"
"Sophia","Tanaka","08/04/1999","Shanghai","Straight","Guitar, Dancing"
"Richard","Kato","07/07/1997","Seoul","Bisexual","Dancing, Yoga"
"Laura","Nakamura","06/03/1998","Beijing","Gay","Yoga, Reading"
"Kate","Ogawa","05/06/1999","Hong Kong","Lesbian","Photography, Painting"
"Steven","Fujimoto","04/10/1997","Tokyo","Straight","Swimming, Reading"
"Emily","Yamamoto","03/04/1998","Osaka","Bisexual","Hiking, Yoga"
"Kevin","Smith","12/03/1997","Toronto","Straight","Soccer, Tennis, Swimming"
"Ashley","Johnson","11/05/1998","Mexico City","Bisexual","Cooking, Photography, Painting"
"Chris","Williams","10/07/1999","São Paulo","Gay","Reading, Art, Yoga"
"Emma","Jones","09/09/1996","Shanghai","Lesbian","Singing, Dancing, Guitar"
"Matthew","Brown","08/11/1998","Seoul","Straight","Dancing, Swimming, Yoga"
"Samantha","Davis","07/01/1999","Beijing","Bisexual","Yoga, Art, Reading"
"David","Miller","06/03/1997","Hong Kong","Lesbian","Photography, Cooking, Painting"
"Linda","Moore","05/05/1996","Tokyo","Straight","Swimming, Tennis, Reading"
"Kimberly","Taylor","04/07/1999","Osaka","Bisexual","Hiking, Rock climbing, Yoga"
"Jason","Thomas","03/09/1998","Toronto","Straight","Soccer, Tennis"
"Sarah","Jackson","02/11/1997","Mexico City","Bisexual","Cooking, Photography"
"Michael","White","01/01/1996","São Paulo","Lesbian","Reading, Yoga"
"Sophia","Harris","12/03/1999","Shanghai","Straight","Guitar, Dancing"
"Richard","Martin","11/05/1997","Seoul","Bisexual","Dancing, Yoga"
"Laura","Thompson","10/07/1998","Beijing","Gay","Yoga, Reading"
"Kate","Garcia","09/09/1999","Hong Kong","Lesbian","Photography, Painting"
"Steven","Martinez","08/11/1997","Tokyo","Straight","Swimming, Reading"
"Emily","Robinson","07/01/1998","Osaka","Bisexual","Hiking, Yoga"
"Jeremy","Chen","06/21/1996","New York","Gay","Basketball, Tennis, Swimming"
"Emily","Kim","09/30/1998","Chicago","Lesbian","Cooking, Photography, Painting"
"Michael","Smith","12/15/1999","Los Angeles","Straight","Reading, Art, Yoga"
"Samantha","Wang","03/27/1997","Houston","Bisexual","Singing, Dancing, Guitar"
"David","Lee","07/04/1998","Philadelphia","Straight","Dancing, Swimming, Yoga"
"Ashley","Rodriguez","10/01/1999","Phoenix","Bisexual","Yoga, Art, Reading"
"Jessica","Garcia","01/12/1996","San Diego","Lesbian","Photography, Cooking, Painting"
"James","Johnson","05/09/1997","Dallas","Straight","Swimming, Tennis, Reading"
"Sarah","Williams","08/03/1998","San Francisco","Bisexual","Hiking, Rock climbing, Yoga"
"Christopher","Jones","11/15/1998","Boston","Straight","Soccer, Tennis"
"Matthew","Martin","02/28/1997","Detroit","Bisexual","Cooking, Photography"
"Kimberly","Thomas","06/12/1996","Washington D.C.","Lesbian","Reading, Yoga"
"Steven","White","09/05/1999","Seattle","Straight","Guitar, Painting"
"Richard","Nguyen","12/25/1997","Minneapolis","Bisexual","Dancing, Yoga"
"Laura","Brown","03/17/1998","New Orleans","Gay","Football, Reading"
"Kate","Park","06/14/1999","Tampa","Lesbian","Photography, Painting"
"Jason","Kim","09/07/1997","Miami","Straight","Swimming, Reading"
"Sophia","Gonzalez","12/23/1998","Denver","Bisexual","Soccer, Yoga"
"Emma","Lopez","04/13/1996","London","Lesbian","Basketball, Tennis, Swimming"
"Oliver","Garcia","07/02/1998","Paris","Gay","Cooking, Photography, Painting"
"Charlotte","Rodriguez","10/20/1999","Madrid","Bisexual","Reading, Art, Yoga"
"Amelia","Kim","01/12/1997","Barcelona","Bisexual","Singing, Dancing, Guitar"
"Olivia","Lee","04/29/1998","Milan","Straight","Dancing, Swimming, Yoga"
"Ava","Wang","07/14/1999","Rome","Bisexual","Yoga, Art, Reading"
"Isabella","Garcia","10/19/1996","Munich","Lesbian","Photography, Cooking, Painting"
"Emily","Johnson","01/16/1997","Frankfurt","Straight","Swimming, Tennis, Reading"
"Abigail","Williams","04/13/1998","Hamburg","Bisexual","Hiking, Rock climbing, Yoga"
"Ella","Jones","07/03/1998","Cologne","Straight","Soccer, Tennis"
"Harper","Martin","10/12/1997","Dusseldorf","Bisexual","Cooking, Photography"
"Mia","Thomas","01/23/1996","Stuttgart","Lesbian","Reading, Yoga"
"Avery","White","04/19/1999","Berlin","Straight","Guitar, Dancing"
"Mila","Nguyen","07/11/1997","Bremen","Bisexual","Dancing, Yoga"
"Lily","Brown","10/25/1998","Leipzig","Gay","Yoga, Reading"
"Sofia","Park","01/30/1999","Hannover","Lesbian","Photography, Painting"
"Evelyn","Kim","05/22/1997","Dresden","Straight","Swimming, Reading"
"Victoria","Gonzalez","08/17/1998","Nuremberg","Bisexual","Hiking, Yoga"
"Grace","Smith","09/20/1996","New York","Lesbian","Tennis, Swimming"
"Liam","Johnson","05/14/1998","Los Angeles","Gay","Football, Photography, Painting"
"Emma","Williams","03/01/1999","Chicago","Bisexual","Reading, Soccer, Yoga"
"Noah","Jones","07/04/1997","Houston","Bisexual","Singing, Dancing, Guitar"
"Oliver","Brown","12/25/1998","Philadelphia","Straight","Dancing, Swimming, Yoga"
"Ava","Garcia","06/12/1999","Phoenix","Bisexual","Yoga, Art, Reading"
"Isabella","Davis","01/30/1996","San Antonio","Lesbian","Photography, Cooking, Painting"
"Sophia","Miller","04/16/1997","San Diego","Straight","Swimming Reading"
"Mia","Martinez","07/08/1998","Dallas","Bisexual","Hiking, Rock climbing, Yoga"
"Abigail","Anderson","10/20/1998","San Jose","Straight","Soccer, Tennis"
"Emily","Thomas","01/22/1997","Austin","Bisexual","Cooking, Photography"
"Elizabeth","Jackson","04/13/1996","Jacksonville","Lesbian","Reading, Yoga"
"Avery","White","07/16/1999","Fort Worth","Straight","Guitar, Dancing"
"Ella","Gonzalez","10/27/1997","Charlotte","Bisexual","Dancing, Yoga"
"Evelyn","Clark","01/15/1998","Seattle","Gay","Yoga, Reading"
"Harper","Rodriguez","04/20/1999","Denver","Lesbian","Painting"
"Aria","Martin","07/19/1997","El Paso","Straight","Swimming, Reading"
"Avery","Nguyen","10/11/1998","Washington D.C.","Bisexual","Yoga"
"Olivia","Smith","02/14/1996","New York","Lesbian","Hiking, Photography, Painting"
"Logan","Johnson","08/01/1998","Los Angeles","Gay","Cooking, Art, Yoga"
"Emma","Williams","05/20/1999","Chicago","Bisexual","Reading, Rock climbing, Swimming"
"Noah","Jones","09/04/1997","Houston","Bisexual","Singing, Dancing, Tennis"
"Mason","Brown","12/25/1998","Philadelphia","Straight","Dancing, Swimming, Soccer"
"Ava","Garcia","06/12/1999","Phoenix","Bisexual","Yoga, Art, Reading"
"Isabella","Davis","01/30/1996","San Antonio","Lesbian","Photography, Cooking, Painting"
"Sophia","Miller","04/16/1997","San Diego","Straight","Swimming, Tennis, Reading"
"Mia","Martinez","07/08/1998","Dallas","Bisexual","Hiking, Rock climbing, Yoga"
"Abigail","Anderson","10/20/1998","San Jose","Straight","Soccer, Tennis"
"Emily","Thomas","01/22/1997","Austin","Bisexual","Cooking, Photography"
"Elizabeth","Jackson","04/13/1996","Jacksonville","Lesbian","Reading, Yoga"
"Avery","White","07/16/1999","Fort Worth","Straight","Guitar, Dancing"
"Ella","Gonzalez","10/27/1997","Charlotte","Bisexual","Dancing, Yoga"
"Evelyn","Clark","01/15/1998","Seattle","Gay","Yoga, Reading"
"Harper","Rodriguez","04/20/1999","Denver","Lesbian","Photography, Painting"
"Aria","Martin","07/19/1997","El Paso","Straight","Swimming, Reading"
"Avery","Nguyen","10/11/1998","Washington D.C.","Bisexual","Hiking, Soccer, Art"
"Jake","Johnson","07/09/1996","New York","Straight","Cooking, Soccer, Painting"
"Jade","Williams","02/05/1998","Los Angeles","Lesbian","Hiking, Photography, Swimming"
"Abby","Jones","09/15/1999","Chicago","Bisexual","Reading, Art, Yoga"
"Ryan","Brown","03/01/1997","Houston","Gay","Singing, Dancing, Tennis"
"Maddie","Garcia","05/27/1998","Philadelphia","Bisexual","Dancing, Swimming, Soccer"
"Ethan","Davis","11/17/1999","Phoenix","Straight","Yoga, Rock climbing, Reading"
"Grace","Miller","06/08/1996","San Antonio","Lesbian","Photography, Cooking, Painting"
"Lily","Martinez","01/12/1997","San Diego","Straight","Swimming, Tennis, Reading"
"Natalie","Anderson","04/25/1998","Dallas","Bisexual","Hiking, Yoga, Soccer"
"Emma","Thomas","08/03/1998","Austin","Bisexual","Cooking, Photography, Art"
"Sophia","Jackson","11/21/1996","Jacksonville","Lesbian","Reading, Yoga, Swimming"
"Aiden","White","02/22/1999","Fort Worth","Straight","Guitar, Dancing, Tennis"
"Hannah","Gonzalez","05/14/1997","Charlotte","Bisexual","Dancing, Yoga, Rock climbing"
"Olivia","Clark","12/07/1998","Seattle","Gay","Yoga, Reading, Soccer"
"Logan","Rodriguez","03/09/1999","Denver","Lesbian","Photography, Painting, Tennis"
"Mia","Martin","06/12/1997","El Paso","Straight","Swimming, Reading, Art"
"Ella","Nguyen","09/22/1998","Washington D.C.","Bisexual","Hiking, Yoga, Photography"
"Gage","Smith","06/24/1996","New York","Straight","Cooking, Knitting, Sculpting"
"Savannah","Taylor","05/12/1998","Los Angeles","Lesbian","Biking, Photography, Swimming"
"Elias","Williams","03/20/1999","Chicago","Bisexual","Reading, Poetry, Yoga"
"Oliver","Brown","08/30/1997","Houston","Gay","Singing, Dancing, Tennis"
"Mackenzie","Garcia","02/01/1998","Philadelphia","Bisexual","Dancing, Swimming, Horseback riding"
"Levi","Davis","12/15/1999","Phoenix","Straight","Yoga, Rock climbing, Reading"
"Aria","Miller","01/08/1996","San Antonio","Lesbian","Photography, Cooking, Watercolor"
"Lila","Martinez","07/12/1997","San Diego","Straight","Swimming, Tennis, Reading"
"Avery","Anderson","09/23/1998","Dallas","Bisexual","Hiking, Yoga, Soccer"
"Emma","Thomas","04/05/1998","Austin","Bisexual","Cooking, Photography, Sculpting"
"Landon","Jackson","06/15/1996","Jacksonville","Lesbian","Reading, Yoga, Swimming"
"Liam","White","09/12/1999","Fort Worth","Straight","Guitar, Dancing, Tennis"
"Hazel","Gonzalez","01/02/1997","Charlotte","Bisexual","Dancing, Yoga, Rock climbing"
"Wyatt","Clark","07/20/1998","Seattle","Gay","Yoga, Reading, Soccer"
"Isabella","Rodriguez","10/29/1999","Denver","Lesbian","Photography, Painting, Tennis"
"Natalie","Martin","03/06/1997","El Paso","Straight","Swimming, Reading, Art"
"Ethan","Nguyen","05/10/1998","Washington D.C.","Bisexual","Hiking, Yoga, Photography"
"Adam","Johnson","07/14/1997","New York","Straight","Hiking, Kayaking, Fishing"
"Emma","Williams","09/23/1996","Los Angeles","Lesbian","Biking, Photography, Swimming"
"Liam","Jones","12/05/1998","Chicago","Bisexual","Reading, Writing, Drawing"
"Olivia","Miller","02/01/1999","Houston","Gay","Singing, Dancing, Acting"
"Mia","Davis","04/13/1997","Philadelphia","Bisexual","Dancing, Swimming, Horseback riding"
"Noah","Garcia","06/22/1998","Phoenix","Straight","Yoga, Rock climbing, Painting"
"Ava","Rodriguez","08/14/1996","San Antonio","Lesbian","Photography, Cooking, Sculpting"
"Isabella","Taylor","01/16/1997","San Diego","Straight","Swimming, Tennis, Reading"
"Ethan","Martin","05/19/1998","Dallas","Bisexual","Hiking, Yoga, Soccer"
"Emily","Smith","03/09/1998","Austin","Bisexual","Cooking, Photography, Painting"
"Mason","Thomas","07/28/1996","Jacksonville","Lesbian","Reading, Yoga, Swimming"
"Abigail","Jackson","10/01/1999","Fort Worth","Straight","Guitar, Dancing, Tennis"
"Elizabeth","White","01/12/1997","Charlotte","Bisexual","Dancing, Yoga, Rock climbing"
"James","Anderson","04/23/1998","Seattle","Gay","Yoga, Reading, Soccer"
"Sophia","Nguyen","07/18/1999","Denver","Lesbian","Photography, Painting, Tennis"
"Chloe","Clark","09/16/1997","El Paso","Straight","Swimming, Reading, Art"
"Nathan","Gonzalez","11/11/1998","Washington D.C.","Bisexual","Hiking, Yoga, Photography"
"Ryan","Lee","01/09/1997","New York","Straight","Weightlifting, Football, Video games"
"Samantha","Kim","04/15/1998","Los Angeles","Lesbian","Gymnastics, Volleyball, Swimming"
"Alex","Wang","06/11/1996","Chicago","Bisexual","Basketball, Soccer, Skateboarding"
"Emily","Zhang","09/01/1997","Houston","Gay","Baseball, Tennis, Surfing"
"Hannah","Chen","12/03/1998","Philadelphia","Bisexual","Golf, Fishing, Hiking"
"Dylan","Park","02/14/1999","Phoenix","Straight","Skiing, Snowboarding, Ice skating"
"Ashley","Saito","05/21/1996","San Antonio","Lesbian","Synchronized swimming, Diving, Water polo"
"Jason","Sasaki","08/08/1997","San Diego","Straight","Boxing, Kickboxing, Muay Thai"
"Benjamin","Nguyen","11/02/1998","Dallas","Bisexual","Martial arts, Wrestling, Jujitsu"
"Molly","Tran","01/19/1998","Austin","Bisexual","Rugby, American football, Australian rules football"
"Matthew","Pham","04/06/1996","Jacksonville","Lesbian","Lacrosse, Field hockey, Roller hockey"
"Sarah","Suzuki","06/17/1999","Fort Worth","Straight","Bowling, Pool, Darts"
"Michael","Kimura","09/06/1997","Charlotte","Bisexual","Billiards, Foosball, Shuffleboard"
"David","Tanaka","12/01/1998","Seattle","Gay","Table tennis, Air hockey, Pinball"
"Rachel","Saito","02/23/1999","Denver","Lesbian","Board games, Card games, Video games"
"Joseph","Sasaki","05/12/1997","El Paso","Straight","Puzzle solving, Escape rooms, Treasure hunting"
"Ethan","Takahashi","07/06/1998","Washington D.C.","Bisexual","Geocaching, Orienteering, Letterboxing"
"Jessica","Smith","01/12/1997","New York","Straight","Fashion design, Sewing, Knitting"
"James","Johnson","03/25/1998","Los Angeles","Gay","Interior design, Gardening, Landscaping"
"Emily","Williams","05/10/1996","Chicago","Bisexual","Calligraphy, Painting, Drawing"
"Michael","Brown","07/17/1997","Houston","Straight","Woodworking, Carpentry, Blacksmithing"
"Samantha","Jones","09/29/1998","Philadelphia","Lesbian","Pottery, Sculpting, Glassblowing"
"David","Miller","11/14/1999","Phoenix","Bisexual","Photography, Filmmaking, Video editing"
"Emily","Davis","01/22/1996","San Antonio","Lesbian","Writing, Poetry, Journalism"
"Christopher","Garcia","03/31/1997","San Diego","Straight","Music production, DJing, Singing"
"Daniel","Rodriguez","05/16/1998","Dallas","Gay","Acting, Stand-up comedy, Improv"
"Ashley","Martinez","07/08/1998","Austin","Bisexual","Dancing, Choreography, Teaching"
"Sarah","Anderson","09/19/1996","Jacksonville","Lesbian","Cooking, Baking, Food styling"
"James","Taylor","11/30/1999","Fort Worth","Straight","Bar tending, Mixology, Wine tasting"
"Emily","Thomas","02/11/1997","Charlotte","Bisexual","Astronomy, Physics, Mathematics"
"David","Moore","04/24/1998","Seattle","Gay","Computer programming, Web design, Mobile app development"
"Samantha","Jackson","06/07/1999","Denver","Lesbian","Cybersecurity, Ethical hacking, Data analysis"
"Christopher","White","08/20/1997","El Paso","Straight","Financial analysis, Investment banking, Stock trading"
"Daniel","Harris","10/03/1998","Washington D.C.","Bisexual","Marketing, Advertising, Public relations"
"Jessica","Jones","01/12/1997","New York","Straight","Hiking, Rock climbing, Surfing"
"James","Smith","03/25/1998","Los Angeles","Gay","Gymnastics, Yoga, Pilates"
"Emily","Johnson","05/10/1996","Chicago","Bisexual","Boxing, Kickboxing, Muay Thai"
"Michael","Williams","07/17/1997","Houston","Straight","Baseball, Basketball, Football"
"Samantha","Brown","09/29/1998","Philadelphia","Lesbian","Running, Marathons, Triathlons"
"David","Miller","11/14/1999","Phoenix","Bisexual","Tennis, Badminton, Squash"
"Emily","Davis","01/22/1996","San Antonio","Lesbian","Golf, Fishing, Hunting"
"Christopher","Garcia","03/31/1997","San Diego","Straight","Skiing, Snowboarding, Ice skating"
"Daniel","Rodriguez","05/16/1998","Dallas","Gay","Swimming, Diving, Water polo"
"Ashley","Martinez","07/08/1998","Austin","Bisexual","Cycling, Mountain biking, Road cycling"
"Sarah","Anderson","09/19/1996","Jacksonville","Lesbian","Horseback riding, Equestrian, Polo"
"James","Taylor","11/30/1999","Fort Worth","Straight","Sailing, Yachting, Boating"
"Emily","Thomas","02/11/1997","Charlotte","Bisexual","Paragliding, Hang gliding, Skydiving"
"David","Moore","04/24/1998","Seattle","Gay","Kiteboarding, Windsurfing, Surfing"
"Samantha","Jackson","06/07/1999","Denver","Lesbian","Rock climbing, Bouldering, Rappelling"
"Christopher","White","08/20/1997","El Paso","Straight","Martial arts, Judo, Karate"
"Daniel","Harris","10/03/1998","Washington D.C.","Bisexual","Dancing, Ballroom dancing, Salsa"
"Jessica","Roberts","12/01/1997","Miami","Straight","Fashion design, Sewing, Knitting"
"James","Brown","25/03/1998","San Francisco","Gay","Gardening, Landscaping, Floristry"
"Emily","Johnson","10/05/1996","Boston","Bisexual","Pottery, Ceramics, Sculpting"
"Michael","Smith","17/07/1997","New Orleans","Straight","Cooking, Baking, Food criticism"
"Samantha","Williams","29/09/1998","Las Vegas","Lesbian","Photography, Filmography, Art history"
"David","Jones","14/11/1999","Nashville","Bisexual","Theatre, Acting, Singing"
"Emily","Miller","22/01/1996","Orlando","Lesbian","Astronomy, Astrophysics"